name,math,physics,chemistry,class,average
Ali,18.0,17.0,19.0,A,18.0
Sara,15.0,17.166666666666668,20.0,A,17.38888888888889
Reza,17.166666666666668,16.0,1.0,B,11.388888888888891
Mina,20.0,19.0,4.0,B,14.333333333333334
Hadi,17.0,18.0,9.0,A,14.666666666666666
Nima,14.0,13.0,10.6,B,12.533333333333333
Zahra,19.0,20.0,10.6,A,16.533333333333335
